,name,ingredients,n_ingredients,calories (number),total fat (PDV),sugar (PDV),sodium (PDV),protein (PDV)
33,grilled  venison burgers,"['ground venison', 'egg substitute', 'non-fat powdered milk', 'water', 'fresh breadcrumb', 'onion', 'salt', 'black pepper', 'dry mustard', 'worcestershire sauce']",10,190.9,10.0,10.0,10.0,45.0
2763,african piri   piri kabobs,"['sweet potato', 'venison', 'red sweet peppers', 'olive oil', 'piri-piri', 'paprika', 'dried oregano', 'ground ginger', 'ground cardamom', 'garlic powder', 'onion powder', 'salt', 'ground piri-piri pepper']",13,317.6,15.0,30.0,16.0,56.0
4896,amethyst s paleo elk meatloaf,"['ground elk', 'egg', 'carrot', 'celery', 'onion', 'garlic cloves', 'rosemary', 'black pepper', 'ketchup', 'olive oil']",10,290.6,22.0,34.0,19.0,54.0
12768,bacon wrapped venison tenderloin with portabella mushrooms,"['venison tenderloin', 'bacon', 'yellow onion', 'portabella mushrooms', 'olive oil', 'garlic cloves', 'ground pepper', 'salt', 'water']",9,323.7,47.0,7.0,32.0,15.0
15490,baked venison   beef parmesan,"['venison steak', 'fresh breadcrumb', 'parmesan cheese', 'garlic salt', 'italian seasoning', 'egg', 'salt and pepper', 'butter', 'spaghetti sauce', 'mozzarella cheese']",10,458.5,30.0,30.0,35.0,80.0
20968,beef  moose or venison chili,"['ground moose', 'beer', 'onions', 'tomato sauce', 'hot pepper', 'tomato paste', 'vinegar', 'chili powder', 'tabasco sauce', 'bacon', 'cumin', 'red pepper', 'msg', 'garlic cloves', 'oregano', 'worcestershire sauce', 'bacon drippings', 'black pepper', 'kidney beans']",19,269.2,26.0,30.0,42.0,17.0
21791,bergischer sauerbraten,"['carrots', 'celeriac', 'onions', 'full-bodied red wine', 'balsamic vinegar', 'red wine vinegar', 'rosemary', 'thyme', 'bay leaves', 'juniper berries', 'cloves', 'sea salt', 'fresh ground pepper', 'venison', 'lard', 'tomato paste', 'apple butter', 'beef stock', 'cocoa powder', 'butter']",20,569.3,32.0,23.0,48.0,130.0
22880,best venison chili,"['ground venison', 'onion', 'celery', 'green pepper', 'garlic cloves', 'chili seasoning mix', 'cumin powder', 'salt', 'black pepper', 'cilantro', 'canned tomatoes', 'salsa', 'pinto beans']",13,352.5,11.0,30.0,46.0,62.0
22881,best venison stroganoff ever,"['venison steak', 'butter', 'mushroom', 'tomato sauce', 'garlic clove', 'salt', 'pepper', 'cream of mushroom soup', 'sour cream']",9,638.1,58.0,14.0,104.0,114.0
27751,braised venison with chilli and chocolate,"['venison', 'olive oil', 'onion', 'carrot', 'celery ribs', 'parsnip', 'garlic cloves', 'dried chili', 'venison stock', 'red wine', 'dark chocolate', 'red currant jelly', 'full-bodied red wine', 'fresh rosemary', 'fresh thyme', 'red chile', 'extra virgin olive oil', 'juniper berries', 'salt and pepper']",19,658.2,32.0,20.0,7.0,156.0
30995,buckskin chili,"['venison', 'bacon', 'red wine', 'cumin', 'tabasco sauce', 'garlic', 'tomato sauce', 'tomato paste', 'diced tomatoes', 'pinto beans', 'jalapeno peppers', 'onions', 'mushroom', 'dried red pepper flakes', 'allspice', 'oregano', 'salt']",17,682.9,26.0,36.0,51.0,138.0
40332,cheesy easy cavatini   venison optional,"['shell pasta', 'rotini pasta', 'ground venison', 'ground pork', 'mixed italian herbs', 'spaghetti sauce', 'pepperoni', 'mushrooms', 'green chili peppers', 'sharp cheddar cheese', 'mozzarella cheese']",11,692.8,51.0,43.0,47.0,88.0
40430,cheesy hamburger   potato casserole,"['ground venison', 'potatoes', 'cream of mushroom soup', 'onion', 'milk', 'cheddar cheese', 'salt and pepper']",7,396.4,33.0,8.0,27.0,58.0
41139,cherokee pepper pot,"['venison', 'water', 'onions', 'tomatoes', 'sweet bell pepper', 'fresh okra', 'potato', 'carrot', 'fresh corn kernels', 'celery', 'salt', 'pepper', 'catsup']",13,228.9,5.0,32.0,3.0,58.0
47561,chili con carne texas style   with venison,"['venison steak', 'onions', 'green peppers', 'garlic cloves', 'vegetable oil', 'crushed red pepper flakes', 'tomatoes', 'tomato paste', 'water', 'sugar', 'salt', 'ground cumin', 'oregano leaves', 'fresh coarse ground black pepper', 'monterey jack cheese']",15,282.9,18.0,46.0,25.0,54.0
47614,chili for a big bash,"['vegetable oil', 'ground venison', 'venison', 'hot italian sausage links', 'garlic', 'worcestershire sauce', 'onions', 'green pepper', 'diced green chilies', 'chipotle chiles in adobo', 'dark beer', 'brown sugar', 'crushed tomatoes', 'tomato paste', 'chili powder', 'parsley', 'oregano', 'cumin', 'salt', 'pepper', 'kidney beans', 'turkey broth']",22,326.7,19.0,33.0,36.0,68.0
52542,chris s venison meatloaf,"['ground venison', 'saltine crackers', 'seasoning salt', 'dried onion flakes', 'black pepper', 'brown sugar', 'sour cream', 'eggs', 'catsup', 'yellow mustard', 'white vinegar']",11,325.8,23.0,29.0,15.0,57.0
52893,chunked venison,"['bacon', 'venison steak', 'water', 'salt', 'black pepper', 'worcestershire sauce']",6,422.9,43.0,13.0,36.0,65.0
58575,corned venison,"['water', 'canning salt', 'morton tender quick salt', 'peppercorns', 'sugar', 'pickling spices', 'garlic clove', 'venison roast']",8,445.1,15.0,25.0,393.0,162.0
65105,cristy s delicious deer chili,"['ground deer meat', 'onion', 'rotel tomatoes', 'diced tomatoes', 'red kidney beans', 'dark red kidney beans', 'chili powder', 'salt', 'pepper', 'garlic powder', 'cajun seasoning']",11,253.9,3.0,20.0,60.0,38.0
66397,crock pot shredded venison sandwiches,"['venison roast', 'ketchup', 'brown sugar', 'ground mustard', 'lemon juice', 'soy sauce', 'liquid smoke', 'celery salt', 'worcestershire sauce', 'onion powder', 'garlic powder', 'ground nutmeg', 'hot pepper sauce', 'hamburger buns']",14,268.0,7.0,40.0,23.0,57.0
66615,crock pot venison,"['carrot', 'celery rib', 'potato', 'onions', 'garlic cloves', 'venison', 'worcestershire sauce', 'onion soup mix', 'basil', 'thyme', 'soup', 'burgundy wine', 'vinegar', 'water']",14,290.2,6.0,11.0,29.0,80.0
66616,crock pot venison in beer,"['venison roast', 'beer', 'leek', 'carrots', 'italian herb seasoning']",5,474.0,14.0,11.0,2.0,149.0
66618,crock pot venison roast,"['venison roast', 'cream of mushroom soup', 'hot water', 'lipton onion soup mix', 'steak seasoning']",5,224.0,10.0,3.0,30.0,67.0
66619,crock pot venison stew with bacon and mushrooms,"['venison stew meat', 'salt and pepper', 'bacon', 'olive oil', 'yellow onion', 'carrots', 'garlic clove', 'all-purpose flour', 'dry red wine', 'bay leaf', 'dried thyme', 'beef broth', 'fresh mushrooms', 'balsamic vinegar']",14,292.0,15.0,16.0,9.0,72.0
66620,crock pot venison stroganoff,"['venison', 'crushed tomatoes', 'water', 'garlic', 'salt', 'pepper', 'sugar', 'paprika', 'thyme', 'onion', 'red wine', 'sour cream', 'wide egg noodles', 'vegetable oil']",14,648.4,28.0,24.0,58.0,82.0
67435,crusted venison,"['venison tenderloins', 'ground coffee', 'fresh ground pepper', 'salt', 'tamarind juice', 'canola oil']",6,234.5,13.0,0.0,48.0,73.0
69224,dad s venison chili,"['ground venison', 'sweet onion', 'yellow bell pepper', 'anasazi beans', 'tomato puree', 'diced tomatoes', 'chili powder', 'salt', 'bay leaf', 'paprika', 'cayenne', 'ground cumin', 'cumin seed', 'cinnamon', 'fresh ground pepper', 'water']",16,286.3,15.0,37.0,24.0,58.0
69225,dad s venison meatloaf,"['ground venison', 'pork sausage', 'eggs', 'soft breadcrumbs', 'milk', 'cream of mushroom soup', 'onion', 'salt', 'pepper', 'garlic powder', 'sage']",11,639.5,58.0,11.0,71.0,109.0
70541,deer heart,"['venison heart', 'italian dressing']",2,330.0,49.0,37.0,78.0,0.0
70548,deer steaks and gravy  venison,"['venison steak', 'bacon drippings', 'all-purpose flour', 'whole milk', 'onion', 'salt and pepper']",6,394.0,23.0,40.0,7.0,91.0
70549,deer stroganoff,"['egg noodles', 'ground deer meat', 'onion powder', 'pepper', 'salt', 'italian style breadcrumbs', 'egg', 'sour cream']",8,357.6,40.0,6.0,12.0,24.0
70551,deer potato tomato casserole,"['ground deer meat', 'onion', 'dried basil', 'salt', 'pepper', 'potatoes', 'tomatoes', 'cheddar cheese']",8,416.4,14.0,36.0,27.0,45.0
70553,deerhunter s scrapple,"['beef bouillon', 'cornmeal', 'salt', 'deer liver', 'deer heart', 'onion', 'butter', 'flour']",8,477.7,51.0,11.0,90.0,11.0
70682,delicious and easy venison stew in the crock pot,"['venison stew meat', 'crushed tomatoes', 'stewed tomatoes', 'carrots', 'onions', 'frozen mixed vegetables', 'red wine', 'beef broth', 'baby portabella mushrooms', 'garlic powder', 'salt and pepper', 'worcestershire sauce', 'thyme', 'bay leaves', 'olive oil']",15,274.4,8.0,46.0,29.0,58.0
73557,drew s venison steaks and gravy,"['venison', 'onion and mushroom soup mix', 'beef bouillon', 'water', 'white wine', 'onions', 'salt and pepper', 'fresh mushrooms', 'cornstarch']",9,221.2,4.0,18.0,9.0,56.0
74445,easiest venison,"['venison steak', 'condensed vegetable beef soup']",2,225.5,7.0,5.0,39.0,64.0
78584,easy venison steaks,"['flour', 'mrs. dash seasoning mix', 'garlic salt', 'onion salt', 'venison steak', 'butter']",6,349.7,17.0,0.0,6.0,106.0
80178,elk fried steak,"['elk steaks', 'flour', 'salt and pepper', 'oil']",4,478.5,22.0,0.0,5.0,140.0
80179,elk meat chili,"['ground elk', 'onion', 'garlic cloves', 'diced tomatoes', 'pork & beans', 'salsa', 'brown sugar', 'chili powder', 'garlic salt', 'pepper']",10,463.0,24.0,34.0,46.0,83.0
80184,elk stew bourguignon,"['elk meat', 'all-purpose flour', 'salt', 'pepper', 'bacon', 'olive oil', 'onion', 'carrots', 'celery', 'potatoes', 'tomato paste', 'juniper berries', 'dried thyme', 'bay leaf', 'dry red wine', 'red wine vinegar', 'beef stock']",17,210.2,6.0,17.0,22.0,9.0
80185,elk swiss steak,"['elk steaks', 'flour', 'butter', 'onion', 'fresh mushrooms', 'tomato sauce', 'beef bouillon cubes', 'salt', 'garlic powder', 'pepper']",10,439.9,12.0,27.0,75.0,145.0
80186,elkiladas    elk or beef enchiladas,"['salt', 'fresh ground pepper', 'dried oregano', 'smoked paprika', 'onion', 'garlic cloves', 'bacon fat', 'ground elk', 'canned jalapeno pepper', 'lime', 'garlic clove', 'tomatillos', 'chicken broth', 'chipotle pepper', 'fresh cilantro', 'corn tortillas', 'monterey jack cheese']",17,372.3,20.0,32.0,52.0,51.0
80219,elmer s mustard fried venison,"['venison loin steaks', 'seasoning salt', 'pepper', 'dijon-style mustard', 'horseradish', 'olive oil']",6,636.9,110.0,0.0,0.0,0.0
83961,fillet of venison with a wild thyme and blueberry sauce,"['venison', 'fresh thyme', 'olive oil', 'shallots', 'garlic clove', 'red currant jelly', 'red wine', 'fresh blueberries', 'butter']",9,315.0,19.0,34.0,3.0,53.0
85778,fourth of july chili,"['venison', 'hot italian sausage link', 'garlic', 'worcestershire sauce', 'chili powder', 'light brown sugar', 'parsley', 'oregano', 'cumin', 'salt', 'pepper', 'onion', 'green pepper', 'crushed tomatoes', 'tomato paste', 'chipotle chiles in adobo', 'diced green chilies', 'kidney beans', 'chicken broth', 'vegetable oil', 'dark beer']",21,298.9,11.0,31.0,36.0,68.0
87939,fried venison  deer  steaks,"['deer chops', 'flour', 'salt', 'pepper', 'steak seasoning', 'canola oil', 'plastic wrap']",7,245.4,32.0,0.0,48.0,3.0
99495,grilled pizza burgers,"['egg white', 'green pepper', 'fresh basil', 'romano cheese', 'breadcrumbs', 'salt', 'pepper', 'ground venison', 'oil', 'onion', 'garlic cloves', 'crushed tomatoes', 'mixed italian herbs', 'sugar', 'mozzarella cheese', 'buns']",16,418.4,26.0,27.0,57.0,60.0
100256,grilled venison,"['soy sauce', 'brown sugar', 'ground ginger', 'garlic cloves', 'bay leaves', 'pineapple juice', 'venison steak']",7,189.7,4.0,42.0,30.0,54.0
100257,grilled venison bites  deer balls   cajun,"['venison', 'bacon', 'italian dressing', ""tony chachere's seasoning""]",4,656.1,88.0,25.0,59.0,52.0
100258,grilled venison packets,"['venison steak', 'butter', 'button mushrooms', 'onion', ""mccormick's montreal brand steak seasoning""]",5,189.8,9.0,9.0,3.0,57.0
100311,grilled  bacon wrapped venison back strap,"['olive oil', 'sherry wine vinegar', 'shallots', 'black peppercorns', 'garlic', 'ground cumin', 'sea salt', 'cayenne pepper', 'venison steak', 'pepper bacon']",10,570.7,68.0,0.0,27.0,78.0
100503,ground elk casserole,"['ground elk', 'onion', 'green pepper', 'garlic clove', 'elbow macaroni', 'diced tomato', 'kernel corn', 'black beans', 'chili powder', 'cheddar cheese', 'olive oil', 'salt', 'pepper']",13,506.1,25.0,43.0,30.0,65.0
100569,ground venison casserole,"['root vegetables', 'garlic', 'olive oil', 'ground venison', 'mushroom', 'hearts of palm', 'asparagus', 'bell pepper', 'worcestershire sauce', 'curry powder', 'ground black pepper', 'italian spices', 'fresh rosemary']",13,296.6,23.0,12.0,16.0,55.0
106982,homemade venison italian sausage,"['venison', 'pork butt', 'salt', 'ground pepper', 'cayenne pepper', 'garlic cloves', 'onion powder', 'marjoram', 'paprika', 'dried rosemary', 'thyme', 'red pepper flakes', 'red wine vinegar']",13,232.0,15.0,0.0,32.0,65.0
109106,hot italian sausage  venison,"['ground venison', 'ground pork', 'garlic', 'salt', 'fennel seeds', 'cayenne pepper', 'red pepper flakes', 'ground black pepper', 'cold water']",9,246.6,25.0,0.0,30.0,44.0
110084,hunter s delight,"['bacon', 'red potatoes', 'onions', 'venison steak', 'cream-style corn', 'worcestershire sauce', 'sugar', 'seasoning salt']",8,424.8,23.0,30.0,27.0,55.0
111664,iowa fried venison heart,"['venison heart', 'onion', 'prepared mustard', 'pickling spices', 'salt', 'wine vinegar', 'red wine', 'flour', 'butter']",9,316.6,12.0,25.0,102.0,2.0
113566,jack pine savage venison roast,"['vinegar', 'water', 'salt', 'bay leaves', 'cloves', 'venison roast', 'bacon', 'beef suet', 'salt and pepper', 'garlic clove']",10,208.3,30.0,0.0,41.0,3.0
116753,kato s tender roast venison,"['venison roast', 'bacon', 'beef consomme', 'apple cider', 'red wine', 'lemon juice', 'garlic', 'onion', 'cranberries', 'salt', 'pepper', 'thyme']",12,654.1,45.0,5.0,46.0,160.0
130821,marinated boneless venison loin,"['venison loin', 'cooking oil', 'water', 'bay leaf', 'onion', 'thyme', 'red wine']",7,206.8,17.0,4.0,1.0,23.0
133507,melt in your mouth deer roast supreme  crock pot,"['deer roast', 'cream of mushroom soup', 'white wine', 'fresh mushrooms', 'green onions', 'bell pepper', 'pepper', 'salt', 'thyme', 'garlic clove']",10,447.3,16.0,11.0,21.0,146.0
133859,mexicali meatloaf,"['celery', 'onion', 'carrot', 'sweet red pepper', 'yellow sweet pepper', 'orange sweet bell pepper', 'garlic cloves', 'olive oil', 'eggs', 'fine dry breadcrumb', 'salsa', 'chili powder', 'ground cumin', 'ground nutmeg', 'salt', 'black pepper', 'ground venison', 'ground turkey']",18,290.4,21.0,13.0,20.0,52.0
136260,mini meatball soup,"['extra virgin olive oil', 'carrots', 'celery ribs', 'onion', 'bay leaves', 'salt & freshly ground black pepper', 'ground venison', 'egg', 'garlic cloves', 'parmesan cheese', 'plain breadcrumbs', 'nutmeg', 'low-sodium low-fat chicken broth', 'water', 'dry pasta', 'baby spinach']",16,549.0,33.0,21.0,21.0,83.0
138717,momma s fried venison,"['deer', 'flour', 'salt', 'pepper', 'bacon grease', 'celery', 'onions', 'worcestershire sauce', 'crushed tomatoes']",9,545.1,19.0,36.0,43.0,115.0
139068,moose meat one dish meal  ojibway,"['moose', 'soya sauce', 'onion', 'oil', 'uncooked rice', 'water', 'cream of mushroom soup', 'sliced mushrooms', 'peas', 'salt and pepper']",10,491.2,26.0,25.0,41.0,92.0
139075,moose stroganoff,"['moose sirloin steak', 'flour', 'salt', 'mushroom', 'onions', 'garlic', 'oil', 'worcestershire sauce', 'beef broth', 'sour cream']",10,318.8,35.0,12.0,33.0,12.0
139077,moose ahh leanie  moose roast,"['moose roast', 'cream of celery soup', 'chicken broth', 'potatoes', 'carrots', 'celery rib', 'onion', 'beer', 'salted butter', 'worcestershire sauce', 'fresh mushrooms', 'dried marjoram', 'kosher salt', 'black pepper', 'cooking spray']",15,495.4,15.0,32.0,46.0,87.0
139182,moroccan  venison  beef  tagine w  dried mango   raisins,"['venison', 'olive oil', 'ground coriander', 'cumin', 'ground ginger', 'saffron', 'onion', 'garlic clove', 'vegetable stock', 'cinnamon stick', 'golden raisin', 'dried mango', 'harissa']",13,302.7,11.0,47.0,3.0,79.0
144375,no peek casserole,"['venison', 'onion soup mix', 'cream of mushroom soup', 'whole mushrooms', 'red wine', 'garlic']",6,264.3,10.0,9.0,38.0,72.0
145053,north croatian deer goulash,"['deer', 'bacon', 'onions', 'lard', 'red paprika', 'hot paprika', 'bay leaf', 'whole cloves', 'juniper berries', 'dried thyme', 'beef stock', 'red wine', 'salt', 'pepper']",14,434.7,28.0,9.0,52.0,83.0
145082,northeast woodland savory venison stew,"['corn oil', 'venison', 'onion', 'garlic cloves', 'red potatoes', 'celery ribs', 'carrots', 'bay leaves', 'wild mushroom', 'dried sage', 'dried parsley', 'coarse salt', 'ground pepper', 'hot sauce', 'water', 'salsa']",16,373.3,24.0,18.0,14.0,47.0
150578,outrageously wonderful marinated venison steaks,"['venison steak', 'white vinegar', 'ketchup', 'vegetable oil', 'worcestershire sauce', 'garlic', 'ground mustard', 'salt', 'pepper']",9,254.8,18.0,23.0,24.0,53.0
151998,pan roasted venison burgers,"['ground venison', 'garlic', 'shallots', 'egg whites', 'salt and pepper', 'olive oil', 'sliced mushrooms', 'butter', 'veal stock']",9,301.3,19.0,0.0,6.0,82.0
157868,peppered venison with mushrooms,"['venison', 'fresh mushrooms', 'black pepper', 'vegetable oil', 'salt', 'worcestershire sauce', 'soy sauce', 'tomato paste', 'chicken stock']",9,270.1,20.0,15.0,21.0,61.0
162089,polish stuffed cabbage rolls  golabki   golumkies   golumpkis,"['cabbage leaves', 'ground elk', 'pork sausage', 'rice', 'butter', 'egg', 'milk', 'salt', 'pepper', 'sweet basil', 'garlic powder', 'paprika', 'onions', 'celery', 'carrot', 'cabbage', 'tomato sauce', 'brown sugar']",18,487.3,31.0,49.0,60.0,74.0
162462,poor man s ground elk meat wellington,"['ground elk', 'breadcrumbs', 'worcestershire sauce', 'black forest ham', 'onion soup mix', 'egg', 'pillsbury refrigerated crescent dinner rolls', 'mozzarella cheese']",8,492.2,40.0,6.0,49.0,99.0
165421,potted elk roast,"['elk rump roast', 'butter', 'potato', 'carrot', 'onion', 'green pepper', 'onion soup mix', 'salt and pepper', 'red wine', 'water', 'flour']",11,179.5,14.0,19.0,36.0,4.0
171309,raven s stew,"['venison', 'bacon', 'garlic clove', 'onion', 'white potatoes', 'carrots', 'parsnips', 'apple', 'coarse sea salt', 'fresh ground black pepper', 'fresh thyme', 'fresh parsley', 'sweet apple cider']",13,363.4,11.0,23.0,47.0,91.0
177754,rudolph s pie  shepherd s pie,"['dried porcini mushrooms', 'olive oil', 'onions', 'carrots', 'garlic cloves', 'button mushrooms', 'venison', 'ground pork', 'flour', 'marsala', 'chopped tomatoes', 'water', 'tomato puree', 'worcestershire sauce', 'potatoes', 'parsnips', 'milk', 'butter', 'nutmeg']",19,673.9,30.0,47.0,5.0,86.0
184501,shane s goulash,"['ground deer meat', 'ground pork', 'onions', 'water', 'tomato sauce', 'diced tomatoes', 'garlic cloves', 'soy sauce', 'bay leaves', 'italian seasoning', 'salt', 'black pepper', 'garlic powder', 'seasoning salt', 'elbow macaroni']",15,387.3,20.0,42.0,69.0,57.0
189178,slow cooker venison stew,"['yukon gold potatoes', 'cremini mushrooms', 'onion', 'celery', 'carrot', 'tomato paste', 'fresh oregano', 'sugar', 'fresh thyme', 'fresh rosemary', 'fresh ground black pepper', 'salt', 'garlic cloves', 'bay leaf', 'all-purpose flour', 'black pepper', 'venison tenderloin', 'canola oil', 'brown ale', 'low sodium beef broth']",20,217.9,7.0,25.0,16.0,39.0
189959,smoked venison roast,"['venison roast', 'garlic', 'bacon', 'olive oil', 'fresh ground pepper', 'dry red wine', 'flour', 'beef broth', 'salt and pepper']",9,628.7,56.0,0.0,14.0,131.0
189960,smoked venison spread,"['venison', 'mayonnaise', 'garlic salt', ""durkee's sauce"", 'onion', 'tiger sauce', 'lemon, juice of']",7,194.7,24.0,16.0,13.0,1.0
190063,smoky and rich venison stew,"['venison', 'kosher salt', 'fresh ground black pepper', 'dried thyme', 'garlic powder', 'flour', 'cinnamon', 'cumin', 'creole seasoning', 'bacon grease', 'onion', 'celery', 'red bell pepper', 'carrots', 'garlic cloves', 'red wine', 'olive oil', 'consomme', 'water', 'diced fire-roasted tomatoes', 'bay leaves', 'andouille sausage', 'celery root', 'white pearl onion', 'peas']",25,666.9,32.0,39.0,54.0,111.0
195083,spiced venison roast,"['venison roast', 'bacon fat', 'cinnamon', 'ginger', 'sugar', 'bay leaves', 'salt', 'vinegar', 'tomato juice', 'onions', 'pepper']",11,353.8,11.0,26.0,18.0,123.0
195815,spicy dry rub elk tacos,"['elk steaks', 'onion', 'tomatoes', 'avocado', 'lime', 'yellow sweet bell pepper', 'red sweet bell pepper', 'corn tortillas', 'cabbage', 'sour cream', 'salt', 'garlic powder', 'ground cayenne pepper', 'ground chipotle chile pepper', 'ground cumin']",15,362.3,30.0,31.0,35.0,15.0
196327,spicy omelette,"['eggs', 'milk', 'salt and pepper', 'tabasco jalapeno sauce', 'venison sausage', 'sharp cheddar cheese']",6,535.9,58.0,4.0,36.0,70.0
196899,spicy swiss bliss venison or pork chops,"['butter', 'venison', 'onion soup mix', 'green bell pepper', 'ro-tel tomatoes', 'diced tomatoes', 'salt', 'pepper', 'a.1. original sauce', 'cornstarch', 'fresh parsley']",11,242.3,8.0,9.0,37.0,71.0
202067,stuffed heart,"['venison heart', 'salt and pepper', 'bacon', 'soft breadcrumbs', 'celery', 'onion', 'egg', 'salt', 'pepper', 'thyme', 'sage', 'beef broth', 'bay leaf']",13,196.4,19.0,8.0,33.0,13.0
202111,stuffed moose heart,"['breadcrumbs', 'onion', 'savory', 'butter', 'salt', 'pepper', 'moose heart']",7,438.4,24.0,24.0,28.0,22.0
205387,sweet and savory venison,"['venison loin', 'flour', 'lemon pepper seasoning', 'white onions', 'beef consomme', 'apple jelly', 'grape jelly', 'tomato paste', 'soy sauce', 'worcestershire sauce', 'dried thyme leaves', 'vegetable oil']",12,456.9,43.0,38.0,29.0,35.0
207901,taco soup with venison,"['ground venison', 'onion', 'chili beans', 'cannellini beans', 'black beans', 'corn', 'tomato sauce', 'water', 'green chilies', 'taco seasoning', 'louisiana hot sauce']",11,286.0,6.0,22.0,30.0,41.0
209240,ted nugent s venison stroganoff,"['venison steak', 'butter', 'fresh mushrooms', 'cooking sherry', 'water', 'lipton onion soup mix', 'garlic salt', 'curry powder', 'beef bouillon cube', 'sour cream']",10,597.1,41.0,15.0,45.0,113.0
210127,texas deer chili,"['ground venison', 'ground beef', 'shortening', 'yellow onion', 'garlic', 'water', 'tomato sauce', 'chicken bouillon granule', 'beef bouillon granules', 'onion powder', 'garlic powder', 'black pepper', 'red pepper', 'seasoning salt', 'cumin', 'chili powder', 'paprika']",17,358.3,31.0,13.0,28.0,66.0
214040,toasty cheese bake,"['wheat', 'ground venison', 'onion', 'celery', 'prepared mustard', 'salt', 'low-fat cheddar cheese', 'egg whites', 'skim milk', 'pepper', 'dry mustard', 'sugar', 'garlic salt']",13,183.2,9.0,9.0,37.0,46.0
215432,tommy s deer burgers,"['ground deer meat', 'lemon pepper', 'garlic salt', 'onion powder', 'onion', 'worcestershire sauce', 'soy sauce', 'country bob all purpose sauce', 'bacon']",9,309.3,40.0,3.0,38.0,29.0
215439,toms venison jalapeno burgers,"['ground venison', 'onion', 'jalapeno pepper', 'garlic clove', 'worcestershire sauce', 'salt', 'black pepper', 'liquid smoke', ""frank's red hot sauce""]",9,186.4,12.0,3.0,11.0,49.0
215978,tourtiere a l orignal   french canadian moose meat pie,"['ground moose', 'ground pork', 'onions', 'garlic cloves', 'savory', 'celery salt', 'pepper', 'water', 'worcestershire sauce', 'steak sauce', 'potatoes', 'eggs', 'pie crusts']",13,699.3,70.0,9.0,17.0,53.0
222742,venison   kabobs,"['soy sauce', 'worcestershire sauce', 'vermouth', 'vegetable oil', 'garlic clove', 'spicy mustard', 'venison', 'mushroom', 'bell pepper', 'onion', 'cherry tomatoes', 'salt and pepper']",12,276.1,19.0,5.0,35.0,71.0
222745,venison and noodles,"['venison', 'cooking oil', 'beer', 'beef bouillon cubes', 'onion', 'horseradish', 'steak sauce', 'hot sauce', 'thyme', 'dill weed', 'allspice', 'salt and pepper', 'flour']",13,302.9,14.0,7.0,16.0,79.0
222747,venison bacon burgers,"['bacon', 'garlic', 'shallots', 'ground venison', 'worcestershire sauce', 'fresh parsley', 'egg', 'hamburger buns', 'salt and pepper']",9,481.2,36.0,12.0,22.0,81.0
222750,venison black bean chili,"['venison roast', 'beef broth', 'yellow onion', 'chipotle chiles in adobo', 'black beans', 'diced tomatoes']",6,398.6,10.0,15.0,18.0,117.0
222754,venison breakfast sausage,"['sea salt', 'fresh ground pepper', 'mace', 'nutmeg', 'clove', 'allspice', 'garlic powder', 'ground sage', 'ground pork', 'venison']",10,217.9,20.0,0.0,20.0,44.0
222755,venison burgers,"['80% lean ground beef', 'ground venison', 'egg', 'italian seasoning', 'garlic', 'barbecue sauce', 'salt & pepper']",7,491.3,49.0,1.0,9.0,91.0
222758,venison chili,"['olive oil', 'onion', 'garlic', 'green chili pepper', 'venison', 'ground venison', 'crushed tomatoes', 'tomato paste', 'chili powder', 'ground cumin', 'worcestershire sauce', 'cayenne pepper', 'red bell pepper', 'salt', 'fresh ground black pepper', 'red kidney beans']",16,402.4,22.0,35.0,21.0,81.0
222759,venison chili   corn,"['extra virgin olive oil', 'ground venison', 'minced garlic clove', 'onion', 'jalapeno', 'chili powder', 'chopped tomatoes', 'rotel', 'tomato juice', 'frozen corn']",10,322.0,18.0,44.0,25.0,46.0
222762,venison for chuck,"['venison', 'salt', 'pepper', 'dry mustard', 'paprika', 'onion', 'button mushrooms', 'fresh thyme', 'bay leaf', 'butter', 'olive oil', 'flour', 'hot water', 'beef base', 'sherry wine', 'tomato paste']",16,480.1,34.0,13.0,25.0,110.0
222763,venison goulash,"['venison', 'oil', 'onion', 'garlic clove', 'tomato paste', 'red bell pepper', 'paprika', 'pepper', 'cumin', 'coriander', 'red wine', 'water', 'half-and-half', 'dried oregano', 'lemon juice']",15,327.4,20.0,9.0,4.0,72.0
222764,venison gyros,"['olive oil', 'ground cumin', 'garlic', 'dried marjoram', 'dried rosemary', 'dried oregano', 'red wine vinegar', 'salt and pepper', 'venison', 'pita breads', 'tomatoes', 'cucumber', 'tzatziki']",13,488.0,17.0,8.0,16.0,115.0
222765,venison hash,"['bacon drippings', 'onion', 'ground venison', 'potatoes', 'flour', 'garlic clove', 'beef broth', 'black pepper', 'salt', 'thyme', 'chili powder']",11,238.5,14.0,13.0,47.0,13.0
222766,venison help me,"['ground venison', 'kosher salt', 'cayenne pepper', 'italian seasoning', 'garlic powder', 'onion and mushroom soup mix', 'hot sauce', 'onion', 'sliced mushrooms', 'water', 'white wine', 'beef base', 'cooked pasta']",13,311.9,16.0,7.0,97.0,56.0
222768,venison italiano,"['venison', 'italian seasoned breadcrumbs', 'eggs', 'garlic powder', 'italian seasoning', 'olive oil']",6,459.4,22.0,13.0,40.0,87.0
222769,venison jaeger schnitzel  hunter s cutlets,"['butter', 'shallot', 'button mushrooms', 'beef stock', 'all-purpose flour', 'season salt', 'cracked black pepper', 'salt', 'venison steak', 'eggs', 'dry breadcrumbs', 'canola oil', 'lemon juice', 'parsley', 'lemon wedge']",15,441.3,30.0,8.0,44.0,73.0
222772,venison lasagne  or beef,"['lasagna noodles', 'ground venison', 'onion', 'garlic cloves', 'crushed tomatoes', 'tomato sauce', 'tomato paste', 'dried basil', 'dried oregano', 'fennel', 'salt', 'pepper', 'egg', 'cottage cheese', 'parmesan cheese', 'parsley', 'mozzarella cheese']",17,411.3,24.0,28.0,42.0,67.0
222774,venison loaf,"['butter', 'onion', 'fresh ginger', 'fennel seed', 'dried marjoram', 'carrots', 'water', 'eggs', 'ground venison', 'ground pork', 'progresso italian-style fine bread crumbs', 'milk', 'salt', 'black pepper', 'bacon']",15,534.4,62.0,7.0,39.0,65.0
222775,venison loaf  meatloaf,"['venison', 'barbecue sauce', 'italian seasoned breadcrumbs', 'egg', 'egg white', 'parmesan cheese', 'skim milk']",7,175.2,5.0,11.0,8.0,55.0
222776,venison maple bacon burgers,"['venison', 'bacon', 'onion', 'salt', 'pepper']",5,401.6,43.0,3.0,23.0,64.0
222778,venison marsala,"['venison', 'flour', 'parmesan cheese', 'salt', 'butter', 'fresh mushrooms', 'green onions', 'consomme', 'lemon juice', 'marsala wine', 'parsley']",11,317.4,18.0,4.0,28.0,61.0
222781,venison meatballs in wine sauce,"['ground venison', 'onion', 'paprika', 'worcestershire sauce', 'flour', 'black pepper', 'butter', 'garlic clove', 'mixed mushrooms', 'red wine']",10,360.8,30.0,8.0,8.0,52.0
222782,venison meatloaf,"['ground venison', 'ground chuck', 'evaporated milk', 'breadcrumbs', 'ketchup', 'worcestershire sauce', 'salt', 'pepper']",8,474.9,35.0,26.0,38.0,82.0
222784,venison minestrone,"['onion', 'garlic', 'butter', 'venison', 'carrot', 'celery', 'cabbage', 'tomatoes seasoned with basil garlic & oregano', 'water', 'beef bouillon cubes', 'frozen corn', 'dried italian seasoning', 'kidney beans', 'mrs. dash seasoning mix', 'elbow macaroni', 'parmesan cheese']",16,193.9,4.0,15.0,23.0,16.0
222785,venison mushroom meatloaf,"['olive oil', 'mushrooms', 'red bell pepper', 'carrot', 'yellow onion', 'garlic', 'dried basil', 'egg', 'chili sauce', 'dry breadcrumbs', 'salt', 'pepper', 'ground venison', 'flour', 'beef stock', 'red wine vinegar']",16,324.8,22.0,20.0,31.0,61.0
222787,venison or beef casserole,"['ground venison', 'potatoes', 'white onions', 'carrots', 'fresh mushrooms', 'cream of mushroom soup', 'brown gravy mix', 'water', 'garlic cloves', 'salt', 'fresh coarse ground black pepper', 'cooking oil']",12,335.9,20.0,17.0,51.0,44.0
222788,venison or beef country style stew,"['venison', 'mushroom soup', 'dry onion soup mix', 'sliced mushrooms', 'butter', 'salt', 'pepper']",7,299.0,12.0,4.0,55.0,90.0
222789,venison or beef pie,"['venison', 'ground cloves', 'carrot', 'onion', 'bay leaf', 'pepper', 'beef stock', 'breadcrumbs', 'double crust pie crust']",9,290.3,25.0,8.0,11.0,19.0
222795,venison ragout with parsley biscuits,"['bacon', 'venison shoulder', 'parsnips', 'white pearl onion', 'margarine', 'mushrooms', 'garlic', 'red wine', 'cornstarch', 'water', 'parsley', 'tomato paste', 'salt', 'tabasco sauce', 'thyme', 'flour', 'baking powder', 'buttermilk', 'baking soda']",19,366.7,23.0,17.0,48.0,18.0
222796,venison roast,"['venison roast', 'garlic cloves', 'dried rosemary', 'onion powder', 'garlic powder', 'dried thyme', 'carrots', 'onions', 'beef bouillon granules', 'browning sauce', 'cornstarch', 'cold water']",12,246.1,7.0,18.0,1.0,75.0
222797,venison roast with wine gravy,"['venison roast', 'dry white wine', 'onion', 'black peppercorns', 'cloves', 'allspice', 'bay leaf', 'salt', 'all-purpose flour', 'water']",10,325.0,9.0,5.0,2.0,98.0
222799,venison salad with beetroot  apple and hazelnuts,"['venison loin', 'olive oil', 'pepper', 'thyme', 'baby beets', 'shallots', 'salt', 'baby spinach', 'apple', 'extra virgin olive oil', 'red wine vinegar', 'hazelnuts']",12,197.3,26.0,11.0,1.0,6.0
222801,venison sauerbraten,"['venison chuck roast', 'onions', 'bay leaves', 'peppercorns', 'juniper berries', 'cloves', 'red wine vinegar', 'boiling water', 'salt', 'shortening', 'gingersnaps', 'sugar']",12,175.3,13.0,34.0,54.0,3.0
222802,venison sausage creole,"['venison sausage', 'onion', 'garlic cloves', 'green pepper', 'tomatoes', 'water', 'black pepper', 'salt', 'cayenne powder', 'red pepper flakes', 'worcestershire sauce', 'hot sauce', 'penne pasta']",13,228.1,2.0,11.0,78.0,10.0
222803,venison sausage filling,"['ground pork', 'ground venison', 'kosher salt', 'fennel seed', 'red pepper flakes', 'pepper', 'oregano', 'garlic powder', 'paprika', 'cumin', 'cornmeal', 'onion flakes', 'hot sauce', 'chili sauce', 'water']",15,179.8,18.0,1.0,24.0,29.0
222807,venison speedie marinade,"['white vinegar', 'oil', 'parsley', 'oregano', 'onion flakes', 'salt', 'pepper', 'dried mint flakes', 'brown sugar', 'venison']",10,621.0,52.0,36.0,17.0,128.0
222808,venison steak marinade,"['canola oil', 'lemon juice', 'worcestershire sauce', 'soy sauce', 'garlic', 'ground pepper', 'venison steak']",7,306.1,22.0,2.0,15.0,79.0
222809,venison steak sandwich w  caramelized onions,"['venison steak', 'teriyaki marinade', 'sesame oil', 'mayonnaise', 'coarse grain mustard', 'salt & freshly ground black pepper', 'unsalted butter', 'caster sugar', 'balsamic vinegar', 'ciabatta', 'salad leaves']",11,593.5,57.0,39.0,41.0,95.0
222810,venison steak strips,"['venison steak', 'canola oil', 'lime, juice of', 'soy sauce', 'chili powder', 'paprika', 'cumin', 'garlic cloves', 'olive oil', 'tabasco brand chipotle pepper sauce', 'flour', 'cajun seasoning', 'pepper']",13,478.6,32.0,2.0,14.0,64.0
222811,venison steaks w  creamy pepper   brandy sauce,"['venison steak', 'oil', 'shallot', 'butter', 'fresh ground pepper', 'brandy', 'red wine', 'beef stock', 'sour cream', 'salt and pepper']",10,444.0,33.0,0.0,13.0,81.0
222814,venison stir fry,"['beef stock', 'soy sauce', 'sesame oil', 'orange marmalade', 'cornstarch', 'venison', 'ginger', 'vegetable oil', 'onion', 'snow peas', 'baby corn']",11,231.2,11.0,26.0,14.0,56.0
222815,venison stroganoff,"['venison', 'salt', 'black pepper', 'onion', 'fresh mushrooms', 'butter', 'flour', 'beef broth', 'sherry wine', 'tomato paste', 'dry mustard', 'sour cream', 'noodles']",13,297.8,22.0,6.0,22.0,56.0
222816,venison stromboli,"['frozen bread dough', 'ground venison', 'onion', 'bell pepper', 'mushroom stems and pieces', 'olive oil', 'italian seasoning', 'italian salad dressing', 'mozzarella cheese', 'cheddar cheese', 'pepperoni', 'parmesan cheese', 'spaghetti sauce']",13,682.0,76.0,12.0,59.0,99.0
222817,venison stuffed peppers,"['ground venison', 'butter', 'garlic cloves', 'red onion', 'portabella mushroom', 'sage', 'fresh ground black pepper', 'sea salt', 'bell peppers']",9,250.3,17.0,18.0,29.0,53.0
222818,venison stuffed red bell peppers,"['red sweet peppers', 'venison', 'kosher salt', 'fat-free half-and-half', 'fat free sour cream', 'olive oil', 'taco seasoning mix', 'chili seasoning mix', 'salsa', 'four-cheese mexican blend cheese', 'garlic cloves', 'shallots', 'cabernet sauvignon wine']",13,309.8,19.0,31.0,22.0,57.0
222819,venison summer sausage,"['ground venison', 'lean ground beef', 'water', 'onion powder', 'garlic powder', 'cracked black pepper', 'mustard seeds', 'liquid smoke', 'morton tender quick salt']",9,599.9,44.0,1.0,11.0,156.0
222820,venison swiss steak,"['venison steak', 'flour', 'salt', 'pepper', 'cayenne', 'clove', 'thyme', 'nutmeg', 'butter', 'onions', 'canned tomatoes', 'burgundy wine', 'worcestershire sauce', 'garlic clove', 'mushrooms']",15,429.4,14.0,24.0,20.0,109.0
222821,venison swiss steak mediterranean  slow cooker,"['spaghetti sauce', 'dried oregano', 'salt', 'pepper', 'venison steak', 'onions', 'fresh mushrooms']",7,216.6,6.0,23.0,26.0,64.0
222823,venison tater tot casserole  or use ground beef,"['ground venison', 'garlic', 'onion', 'cream of mushroom soup', 'cheddar cheese', 'tater tots', 'garlic powder', 'salt']",8,403.0,38.0,4.0,49.0,51.0
222824,venison tenderloin,"['venison tenderloin', 'fresh ground pepper', 'onions', 'garlic clove', 'butter', 'mushrooms', 'flour', 'water', 'salt']",9,353.0,24.0,21.0,4.0,71.0
222825,venison tenderloin with cabernet sauce,"['venison loin', 'garlic', 'salt and black pepper', 'olive oil', 'cabernet sauvignon wine', 'shallot', 'carrot', 'bay leaf', 'parsley', 'beef broth', 'unsalted butter']",11,188.2,12.0,1.0,5.0,26.0
222827,venison tips and noodles,"['venison stew meat', 'condensed cream of mushroom soup', 'beef bouillon granules', 'onion powder', 'garlic powder', 'water', 'mushrooms', 'wide egg noodles']",8,513.6,15.0,14.0,17.0,68.0
222829,venison with plums and calvados,"['venison tenderloins', 'olive oil', 'plums', 'fresh sage', 'scallions', 'cornstarch', 'cold water', 'stock', 'calvados', 'red currant jelly']",10,245.3,15.0,39.0,0.0,50.0
223209,very versatile venison stew,"['ground venison', 'onions', 'potatoes', 'fresh parsley', 'salt and pepper', 'bouillon cube', 'water', 'condensed tomato soup']",8,172.3,6.0,20.0,13.0,29.0
227342,wild game meatballs,"['ground elk', 'bacon', 'white onion', 'garlic cloves', 'egg']",5,449.8,51.0,2.0,21.0,64.0
