beverage,calories,total_fat,sugar,sodium,protein,saturated_fat,carbohydrates
Aglianico,327.41818181818184,21.363636363636363,23.181818181818183,34.09090909090909,34.54545454545455,25.454545454545453,6.818181818181818
"Ajaccio, Red AOC",406.9666666666667,36.0,33.0,11.666666666666666,32.333333333333336,52.666666666666664,10.333333333333334
Albariño,518.6777777777777,45.87301587301587,62.38095238095238,33.34920634920635,44.57142857142857,51.57142857142857,13.317460317460318
Aligoté,584.75,28.25,16.25,25.25,69.0,25.5,22.75
"Aloxe Corton, Red",468.0,40.75,37.75,14.25,58.25,52.0,8.25
Alsace Chasselas (AOC),123.6,8.0,5.0,12.0,11.0,19.0,4.0
Altenberg De Bergbieten Grand Cru - Dry Riesling,865.5,47.0,113.0,59.0,90.0,50.0,35.0
Altenberg De Bergheim Grand Cru - Riesling,278.25,26.5,5.5,22.0,24.0,43.0,5.0
Altenberg de Wolxheim Grand Cru - Riesling,594.85,38.5,62.0,32.5,62.0,41.5,19.0
Amarone,661.576,64.44,33.64,47.0,66.64,84.12,11.28
"Anjou, Red",679.3499999999999,67.0,28.5,48.0,73.5,96.0,10.5
Anjou-Blanc,248.4,20.666666666666668,9.666666666666666,14.333333333333334,34.666666666666664,19.0,2.3333333333333335
Anjou-Gamay,484.14,52.4,32.0,38.4,47.8,83.0,6.0
Anjou-Villages Brissac,322.70000000000005,8.5,13.0,198.5,124.0,6.0,1.0
Anjous-Villages,845.4499999999999,74.66666666666667,33.0,24.333333333333332,108.33333333333333,77.5,13.833333333333334
Ansonica,328.5,31.0,9.0,22.0,43.0,16.0,4.0
Appassimento,539.8333333333334,54.0,15.666666666666666,44.0,57.666666666666664,81.33333333333333,7.333333333333333
Arneis,362.51666666666665,29.916666666666668,20.75,13.833333333333334,33.0,43.5,10.333333333333334
Assyrtiko,166.6,15.0,8.0,9.0,31.0,12.0,0.0
"Asti (DOCG), Frizzante or Spumante",318.9625,19.25,64.125,9.0,21.125,24.375,13.375
"Asti Frizzante, (DOCG)",300.04,27.0,29.0,16.0,42.8,36.4,4.0
"Asti Spumante, (DOCG)",352.5428571428571,31.857142857142858,64.85714285714286,6.714285714285714,29.428571428571427,46.42857142857143,8.571428571428571
"Auxey-Duresses, Red",377.74,29.8,12.2,12.4,45.4,36.6,7.4
"Auxey-Duresses, White",249.69999999999996,22.166666666666668,18.333333333333332,12.0,15.833333333333334,28.666666666666668,7.166666666666667
Baco Noir,499.875,51.125,48.5,30.375,61.125,60.75,5.625
Bandol Rosé AOC,207.3,12.0,9.0,12.5,49.0,8.0,2.5
"Bandol, Red AOC",509.93999999999994,35.8,26.6,78.0,71.4,47.2,11.6
"Bandol, White AOC",149.1,1.0,21.0,4.0,8.0,1.0,8.0
Banyuls,282.9500000000001,22.291666666666668,76.75,10.583333333333334,12.791666666666666,32.5,9.958333333333334
"Banyuls, Vintage",264.5,15.0,35.0,18.0,49.0,19.0,3.0
Barbaresco DOCG,472.6,35.41379310344828,34.44827586206897,37.206896551724135,45.6551724137931,46.793103448275865,12.10344827586207
Barbaresco Riserva DOCG,277.0,5.0,222.0,0.0,2.0,9.0,20.0
Barbera DOC,472.6359375000001,37.984375,25.0,27.8125,44.46875,47.484375,11.578125
Barbera d'Alba (DOC),544.175,47.75,38.25,32.5,49.0,53.75,13.5
Bardolino Superiore,229.9,10.0,19.666666666666668,8.333333333333334,26.0,10.666666666666666,7.333333333333333
Barolo,491.427027027027,36.891891891891895,51.027027027027025,33.37837837837838,47.027027027027025,51.486486486486484,13.027027027027026
Barsac,383.25,27.25,109.75,12.25,9.75,46.0,16.75
Beaujolais,434.657843137255,34.18627450980392,28.41176470588235,33.80392156862745,50.64705882352941,43.333333333333336,10.009803921568627
Beaujolais Villages,692.0857142857143,58.285714285714285,37.57142857142857,38.0,81.14285714285714,82.0,15.0
"Beaujolais, Cru",381.3666666666666,34.5,43.166666666666664,51.166666666666664,37.333333333333336,49.833333333333336,8.166666666666666
"Beaune, Red",414.4,36.0,6.0,26.0,63.0,55.0,4.0
"Beaune, White",414.95,57.0,18.0,13.0,24.5,108.0,2.5
Beernauslese,217.1,4.5,94.5,5.5,36.5,2.0,9.0
"Bellet, Red AOC",195.1,6.0,43.0,6.0,47.0,5.0,4.0
"Bergerac, Red",333.09999999999997,30.0,26.333333333333332,15.666666666666666,41.333333333333336,29.333333333333332,4.333333333333333
"Bergerac, White",230.8,3.0,7.0,5.0,59.0,1.0,3.0
Blagny,483.5200000000001,33.8,50.2,43.4,57.0,39.8,13.4
Blauer Portugieser,460.6,45.0,11.0,42.0,66.0,49.0,5.0
Bonnes-Mares,3876.2,549.0,106.0,108.0,216.0,600.0,13.0
Bonnezeaux,308.0,13.0,160.66666666666666,1.6666666666666667,6.0,33.666666666666664,18.333333333333332
Bordeaux,237.7,34.0,3.0,166.0,3.0,36.0,2.0
Bordeaux AOC Red,615.6361702127659,57.91489361702128,37.702127659574465,44.361702127659576,65.57446808510639,77.19148936170212,10.404255319148936
Bordeaux AOC White,425.3277777777778,37.94444444444444,17.61111111111111,21.11111111111111,50.94444444444444,56.05555555555556,7.277777777777778
Bordeaux Clairet,117.0,14.0,0.0,3.0,5.0,6.0,2.0
"Bordeaux, White, Dry",180.5,14.0,7.0,9.0,8.0,8.0,6.0
Bouzeron,436.26000000000005,46.4,15.2,17.6,36.6,78.0,7.0
Brachetto,639.3,44.0,207.0,9.0,38.0,89.0,29.0
Brachetto d'Acqui,397.2,20.333333333333332,91.66666666666667,102.0,62.0,24.0,12.333333333333334
Brand - Grand Cru,140.2,2.0,0.0,2.0,7.0,1.0,8.0
"Brouilly, Red",57.5,3.0,0.0,3.0,6.0,6.0,2.0
Brunello di Montalcino (DOCG),507.4857142857143,46.285714285714285,26.952380952380953,16.428571428571427,42.0,55.714285714285715,11.523809523809524
Brunello di Montalcino Riserva (DOCG),333.0333333333333,25.666666666666668,36.0,26.0,17.666666666666668,41.333333333333336,10.666666666666666
"Burgundy, Red",594.5169811320754,64.35849056603773,24.660377358490567,25.79245283018868,55.943396226415096,76.81132075471699,6.679245283018868
"Burgundy, White",426.0457142857143,39.75714285714286,24.085714285714285,29.542857142857144,43.25714285714286,57.6,8.228571428571428
Bâtard-Montrachet,439.6500000000001,48.833333333333336,9.666666666666666,22.5,32.666666666666664,88.83333333333333,7.333333333333333
Cabernet Franc,472.1148148148147,38.2962962962963,36.111111111111114,32.18518518518518,54.888888888888886,48.0,9.88888888888889
Cabernet Sauvignon,561.0948453608244,53.608247422680414,35.31958762886598,33.78350515463917,59.54639175257732,66.43298969072166,9.70103092783505
Cahors AOC,304.34999999999997,30.166666666666668,10.333333333333334,51.5,22.0,37.0,6.0
Cannonau,146.9,3.0,4.0,31.0,37.0,1.0,4.0
Carignan,529.5,40.5,44.0,10.0,14.0,74.5,15.0
Cariñena,443.23809523809524,31.238095238095237,43.76190476190476,35.476190476190474,44.285714285714285,34.142857142857146,13.952380952380953
Carménère,461.0875,38.96875,22.6875,36.78125,54.0,49.03125,9.8125
Catarratto Bianco,744.5,61.0,9.0,3.0,58.0,101.0,22.0
Cava,508.4647058823529,42.294117647058826,24.941176470588236,33.588235294117645,51.1764705882353,45.88235294117647,12.529411764705882
Chablis,378.880701754386,31.719298245614034,17.228070175438596,31.05263157894737,43.771929824561404,43.94736842105263,7.9298245614035086
Chablis Grand Cru,241.1,10.0,142.5,7.5,0.5,4.5,13.0
Chablis Premier Cru,49.3,6.0,2.0,2.0,0.0,8.0,0.0
"Chablis, Cru",305.8,23.0,3.0,9.0,32.0,11.0,8.0
Chambertin,661.55,43.0,227.5,25.0,43.5,53.0,26.5
"Chambolle-Musigny, Red",228.0,7.0,9.0,28.0,79.0,5.0,1.0
Chambourcin,672.1,54.0,22.0,28.0,93.0,69.0,13.0
Champagne,443.6586666666666,40.36,60.16,29.4,30.973333333333333,53.53333333333333,12.213333333333333
"Champagne, Blanc de Noirs",432.2,39.0,9.666666666666666,28.666666666666668,82.33333333333333,43.333333333333336,2.0
"Champagne, Blanc de blancs ",283.53333333333336,20.2,6.533333333333333,19.066666666666666,26.466666666666665,27.066666666666666,8.8
"Champagne, Brut",160.6777777777778,15.88888888888889,5.333333333333333,13.666666666666666,13.11111111111111,21.333333333333332,2.888888888888889
"Champagne, Demi-Sec",324.2,26.857142857142858,60.57142857142857,10.714285714285714,22.857142857142858,38.857142857142854,9.714285714285714
"Champagne, Doux",387.3,17.0,179.0,3.0,9.0,44.0,22.0
"Champagne, Dry",383.06666666666666,26.444444444444443,27.0,18.333333333333332,30.88888888888889,30.444444444444443,13.666666666666666
"Champagne, Extra Dry",188.65,20.0,27.0,9.5,9.0,35.0,4.5
"Champagne, Rosé ",440.01714285714286,40.542857142857144,44.34285714285714,38.542857142857144,41.97142857142857,53.885714285714286,9.571428571428571
"Champagne, Sec",405.1,42.0,10.0,29.0,15.0,63.0,10.0
Chardonnay,435.0781725888322,35.51776649746193,39.70558375634518,27.685279187817258,44.69035532994924,45.065989847715734,10.873096446700508
"Chardonnay, Unoaked",405.6864864864864,31.35135135135135,20.2972972972973,27.513513513513512,42.945945945945944,39.54054054054054,10.864864864864865
"Charlemagne, White",463.36,45.8,23.4,22.8,27.2,82.4,12.0
"Chassagne Montrachet, White",640.6333333333333,23.0,10.333333333333334,27.0,94.66666666666667,11.666666666666666,25.0
Chasselas,316.9,25.0,8.0,39.0,73.0,14.0,1.0
Chenin Blanc,423.01000000000005,39.48,26.14,25.62,46.94,49.48,7.46
"Chenin Blanc, Dry",123.6,8.0,5.0,12.0,11.0,19.0,4.0
"Chenin Blanc, Loire Valley",162.42000000000002,13.2,17.8,9.8,9.2,21.0,4.6
Chianti Classico DOCG,451.7904761904763,29.523809523809526,68.14285714285714,32.38095238095238,49.04761904761905,39.57142857142857,12.285714285714286
"Chianti Classico, Riserva DOCG",595.1999999999999,71.5,11.0,24.5,47.666666666666664,99.66666666666667,5.333333333333333
Chianti Colli Senesi DOCG,1307.5,153.0,18.0,95.0,111.0,203.0,15.0
Chianti DOCG,436.3611111111111,34.648148148148145,20.814814814814813,31.537037037037038,46.94444444444444,44.870370370370374,10.185185185185185
Chianti Riserva DOCG,504.6,51.5,4.5,55.0,43.0,78.0,10.0
Chinon Saignée,410.9,5.0,57.0,2.0,5.0,2.0,15.0
"Chinon, Red (AOC)",277.20000000000005,21.5,8.5,27.0,20.0,27.5,10.0
Choya Silver White Wine,536.74,65.2,24.8,27.0,38.2,97.8,4.4
"Châteaumeillant, Red",513.25,30.5,86.0,28.5,30.0,40.0,23.5
"Châteaumeillant, Rosé",181.7,12.0,83.0,0.0,7.0,23.0,10.0
"Châteauneuf du Pape, Red",591.0200000000001,60.44,30.32,43.96,57.8,77.68,8.88
"Châteauneuf du Pape, White",444.81666666666666,52.833333333333336,6.833333333333333,14.166666666666666,49.666666666666664,98.16666666666667,1.6666666666666667
Cinsaut,255.7,11.0,14.0,6.0,26.0,19.0,12.0
Clairet Rosé,410.9,5.0,57.0,2.0,5.0,2.0,15.0
Clairette Blanche,82.6,5.0,7.0,6.0,5.0,10.0,3.0
Condrieu (AOC),307.8666666666666,19.833333333333332,11.666666666666666,11.666666666666666,28.0,33.333333333333336,11.666666666666666
Corbières AOP,2490.1,308.0,0.0,21.0,318.0,408.0,0.0
Cornas AOC,273.45,17.0,95.0,30.5,4.0,28.0,12.5
Corse AOP,117.0,14.0,0.0,3.0,5.0,6.0,2.0
"Costières de Nimes, White",117.0,14.0,0.0,3.0,5.0,6.0,2.0
Coteaux Varois en Provence - White,174.1,3.0,8.0,15.0,54.0,2.0,3.0
Coteaux de l’Aubance,653.5,31.0,11.0,4.0,82.0,22.0,24.0
"Coteaux du Languedoc, Red AOC",699.6500000000001,64.75,17.5,51.25,94.0,82.25,7.0
Coteaux du Layon Sweet White Wine,1482.9875,108.875,537.0,42.625,34.25,128.5,68.25
"Crozes Hermitage, Red",549.7166666666667,44.666666666666664,68.16666666666667,59.5,45.666666666666664,62.166666666666664,15.666666666666666
"Crémant d'Alsace, Rosé",536.9,29.0,16.0,81.0,57.0,17.0,20.0
"Crémant d'Alsace, White",380.6,49.0,43.0,82.0,2.0,25.0,8.0
Crémant de Burgundy,223.4,26.0,0.0,21.0,29.0,34.0,0.0
"Côte Châlonnaise, Red",274.2,30.0,2.0,32.0,31.0,57.0,1.0
Côte Rôtie (AOC),536.5111111111112,55.666666666666664,29.11111111111111,61.55555555555556,55.111111111111114,64.55555555555556,7.555555555555555
"Côtes de Provence, Red AOC",256.6,20.0,28.0,30.0,44.5,19.5,3.0
"Côtes de Provence, Rosé AOC",564.9666666666667,53.666666666666664,24.333333333333332,18.333333333333332,54.333333333333336,76.33333333333333,11.666666666666666
"Côtes de Provence, White AOC",342.55,24.5,12.5,56.5,36.5,29.0,9.5
"Côtes du Rhône Villages, Red",934.1333333333332,99.66666666666667,60.0,40.0,109.66666666666667,116.33333333333333,8.666666666666666
"Côtes du Rhône, Red",478.02000000000004,40.888888888888886,25.57777777777778,32.31111111111111,55.31111111111111,52.666666666666664,8.822222222222223
"Côtes du Rhône, White",475.45,44.0,13.5,8.0,54.5,24.0,9.5
Dolcetto (DOC),371.4780487804879,30.536585365853657,18.975609756097562,28.78048780487805,37.170731707317074,43.951219512195124,9.073170731707316
Dolcetto d'Alba DOC,409.77142857142854,34.57142857142857,43.0,30.571428571428573,49.714285714285715,43.42857142857143,8.142857142857142
Dolcetto d'Asti DOC,428.5,39.0,24.0,24.666666666666668,39.333333333333336,57.333333333333336,9.666666666666666
Dornfelder,612.3,50.0,6.0,73.0,65.0,82.0,15.0
Dry Marsala,313.6,18.4,13.8,19.6,36.8,10.4,8.2
Edelzwicker - Alsace,799.25,72.5,14.5,100.5,139.0,114.0,7.0
Eichberg Grand Cru - Pinot Gris,245.75,14.5,126.5,10.0,7.0,22.5,12.5
Eiswein,569.15,39.5,107.0,26.5,21.5,51.5,24.5
Engelberg Grand Cru - Riesling,140.2,2.0,0.0,2.0,7.0,1.0,8.0
Falanghina,425.4,39.5,14.5,16.0,34.5,53.5,10.5
"Fiano di Avellino, White, Dry",744.5,61.0,9.0,3.0,58.0,101.0,22.0
"Fitou, Red",308.71250000000003,27.125,45.0,17.875,30.75,28.75,6.5
Fleurie,174.1,3.0,8.0,15.0,54.0,2.0,3.0
Frankstein Grand Cru - Gewurztraminer,782.1,82.0,4.0,31.0,43.0,46.0,17.0
Frankstein Grand Cru - Pinot Gris,523.4,58.0,28.5,41.0,54.0,64.5,6.0
Frankstein Grand Cru - Riesling,612.2,38.75,19.25,27.25,74.0,27.75,18.75
Frascati,572.35,51.75,23.75,73.75,58.5,80.25,12.5
Fronton AOP,2490.1,308.0,0.0,21.0,318.0,408.0,0.0
Fumé Blanc,204.05,8.5,15.0,7.0,12.5,5.0,10.5
Furmint,380.6,49.0,43.0,82.0,2.0,25.0,8.0
Gaillac White,431.7,48.0,4.0,15.0,33.0,91.0,7.0
Gamay,701.1000000000001,81.0,45.25,20.125,71.625,115.625,6.25
Garnacha,682.5333333333334,68.33333333333333,46.666666666666664,25.666666666666668,65.5,66.83333333333333,8.666666666666666
Garnacha Blanca,454.62000000000006,33.0,12.2,24.4,62.6,40.6,9.6
Garnacha Fortified Sweet Wine,435.0,37.0,89.0,18.0,11.0,48.0,16.0
Garnacha Noir,700.1,78.66666666666667,51.333333333333336,43.333333333333336,54.666666666666664,121.33333333333333,10.333333333333334
Garnacha Rosé,176.0,16.5,24.0,13.5,21.5,10.0,2.5
Garnacha Sparkling Wine,140.2,2.0,0.0,2.0,7.0,1.0,8.0
Garnacha Tinta,1007.8,114.0,34.0,49.0,98.0,95.0,13.0
Gavi/Cortese di Gavi (DOCG),424.29090909090917,38.81818181818182,15.181818181818182,18.363636363636363,50.09090909090909,53.09090909090909,6.909090909090909
Geisberg Grand Cru,341.7,42.0,17.0,7.333333333333333,20.333333333333332,79.0,4.333333333333333
Gentil D'Alsace,377.45000000000005,34.0,14.5,42.666666666666664,47.833333333333336,46.666666666666664,6.833333333333333
Gewürztraminer,446.23734939759044,38.75903614457831,34.506024096385545,29.698795180722893,48.87951807228916,46.325301204819276,9.518072289156626
"Gewürztraminer, Alsace",491.71111111111117,48.05555555555556,36.05555555555556,35.888888888888886,43.05555555555556,60.05555555555556,9.777777777777779
"Gewürztraminer, German",1230.2,138.0,108.0,11.0,133.0,241.0,14.0
Gigondas,442.8625,36.875,32.125,66.125,57.875,50.125,8.75
Godello,529.5,49.0,5.0,17.0,44.0,85.0,12.0
Granaccia ,195.1,6.0,43.0,6.0,47.0,5.0,4.0
"Graves, White",276.35,20.75,7.0,14.25,40.75,19.25,4.5
Grecanico,587.0,31.0,24.0,4.0,53.0,33.0,25.0
"Greco di Tufo, Spumante",310.4,23.0,11.0,18.0,16.0,27.0,11.5
"Greco di Tufo, White",456.74285714285713,44.857142857142854,14.142857142857142,37.57142857142857,49.285714285714285,58.714285714285715,7.571428571428571
Grenache,301.2833333333333,20.25,25.5,21.0,41.75,26.583333333333332,7.75
Grenache Blanc,416.5543478260869,35.869565217391305,20.543478260869566,19.32608695652174,40.23913043478261,45.391304347826086,9.5
Grenache Gris,494.67999999999995,44.6,9.6,41.8,55.2,62.2,8.8
Grillo,744.5,61.0,9.0,3.0,58.0,101.0,22.0
Gros Manseng,587.0,31.0,24.0,4.0,53.0,33.0,25.0
Grüner Veltliner,394.9573333333332,32.13333333333333,25.04,34.74666666666667,44.72,39.18666666666667,9.12
Guado al Tasso - Super Tuscan,0.0,0.0,0.0,72.0,0.0,0.0,0.0
Guatamalan Antigua,198.8,17.0,71.0,2.0,5.0,34.0,7.0
"Hermitage, Red",605.1714285714287,62.714285714285715,59.42857142857143,82.0,56.142857142857146,71.28571428571429,10.0
"Hermitage, Red/White",192.2,11.0,70.0,1.0,3.0,11.0,11.0
"Hermitage, White",329.95,34.0,0.5,12.0,59.0,59.5,0.0
Ice Wine,550.9103448275862,45.89655172413793,157.6551724137931,21.17241379310345,23.655172413793103,63.93103448275862,20.103448275862068
"Ice Wine, Riesling",187.5,23.0,4.0,12.0,13.0,37.0,2.0
Irouléguy AOC,763.1,59.0,26.0,99.0,83.0,76.0,18.0
"Jurançon, Dry AOC",769.3,74.5,20.0,105.0,111.0,105.5,9.0
"Jurançon, Sweet AOC",519.1,38.333333333333336,172.0,20.666666666666668,12.0,66.33333333333333,22.666666666666668
Kabinett Riesling,318.1823529411764,27.41176470588235,37.294117647058826,27.705882352941178,32.470588235294116,33.35294117647059,7.411764705882353
Kirsh,569.5,46.0,132.0,15.0,11.0,98.0,23.0
Klevener de Heiligenstein,271.04999999999995,23.0,35.5,22.0,22.5,45.5,6.5
La Clape (AOC) - White,174.1,3.0,8.0,15.0,54.0,2.0,3.0
Lambrusco,507.495,47.8,28.0,32.7,52.25,54.85,9.55
Lambrusco Grasparossa,410.9,5.0,57.0,2.0,5.0,2.0,15.0
Lambrusco Rosato,311.7,0.0,301.0,5.0,7.0,0.0,25.0
Lambrusco Secco (dry),536.45,47.5,8.5,57.5,65.5,65.5,10.0
Lambrusco di Sorbara,259.8,17.0,76.0,4.0,12.0,35.0,12.0
"Languedoc, White",356.6,22.0,31.5,31.5,32.0,18.5,13.0
Late Harvest Gewürztraminer,448.2142857142857,43.285714285714285,77.42857142857143,16.428571428571427,35.0,39.857142857142854,9.857142857142858
Late Harvest Semillon,338.9,18.0,150.0,2.0,8.0,48.0,18.0
Late Harvest White Wines,465.7166666666667,33.0,64.5,18.666666666666668,35.333333333333336,49.166666666666664,16.833333333333332
"Late Harvest Wine, Alsatian",405.1,42.0,10.0,29.0,15.0,63.0,10.0
"Late Harvest Wine, Pinot Gris",405.1,42.0,10.0,29.0,15.0,63.0,10.0
Late Harvest Wines,274.4,22.6,67.46666666666667,12.466666666666667,15.933333333333334,38.06666666666667,9.133333333333333
Loupiac - AOP,431.7,48.0,4.0,15.0,33.0,91.0,7.0
Madeira,290.27368421052637,23.263157894736842,56.10526315789474,20.894736842105264,15.052631578947368,40.63157894736842,9.421052631578947
Madeira based Cocktails,213.9333333333333,18.0,26.333333333333332,7.666666666666667,29.333333333333332,32.0,3.6666666666666665
"Madeira, Amber",259.8,17.0,76.0,4.0,12.0,35.0,12.0
"Madeira, Bual",212.72857142857143,18.714285714285715,36.42857142857143,9.714285714285714,14.142857142857142,28.857142857142858,5.571428571428571
"Madeira, Malmsey",241.28461538461545,18.076923076923077,38.23076923076923,16.46153846153846,13.153846153846153,27.23076923076923,8.538461538461538
Madiran AOC,809.92,92.4,65.8,67.8,58.6,101.4,11.0
Malaga,80.9,1.0,67.0,0.0,2.0,2.0,6.0
Malbec,471.80465116279066,44.2093023255814,24.651162790697676,39.13953488372093,55.97674418604651,57.51162790697674,7.255813953488372
"Malbec, Argentian",1100.1,117.0,5.0,40.0,41.0,101.0,27.0
Malepère - AOP - Red,117.0,14.0,0.0,3.0,5.0,6.0,2.0
Marechal Foch,942.1,69.0,28.0,42.0,192.0,87.0,11.0
Marsanne,116.5,15.0,7.0,8.0,0.0,7.0,2.0
"Maury, Roussillon (Northern Catalonia)",80.9,1.0,67.0,0.0,2.0,2.0,6.0
Mencía,549.4511627906978,52.06976744186046,34.04651162790697,38.44186046511628,48.58139534883721,69.06976744186046,11.674418604651162
Menetou Salon Rosé,200.15,24.5,3.0,22.5,17.0,22.0,2.0
"Menetou Salon, Red",359.8,38.0,0.0,3.0,57.0,35.0,1.0
"Menetou Salon, White",213.13333333333333,9.0,9.666666666666666,15.666666666666666,39.333333333333336,9.0,6.0
"Mercurey, Red",422.7,43.0,4.0,5.0,50.0,35.0,1.0
Merlot,472.54433962264136,43.820754716981135,28.69811320754717,33.91509433962264,49.160377358490564,57.575471698113205,8.90566037735849
Meursault,410.6076923076923,41.38461538461539,25.923076923076923,43.76923076923077,48.84615384615385,55.69230769230769,5.461538461538462
"Minervois, Red",935.2,96.0,114.0,38.0,74.0,126.0,18.0
Monastrell,299.1,24.5,17.0,14.0,37.5,41.0,6.0
Monbazillac,315.65,25.0,86.0,21.0,12.0,39.5,12.0
Montefalco Rosso DOC,167.25,11.5,23.0,7.0,31.5,22.0,2.0
Montepulciano,498.80400000000003,39.48,21.4,31.24,47.48,49.2,14.0
Montepulciano d'Abruzzo,388.4666666666667,27.666666666666668,21.666666666666668,56.666666666666664,52.333333333333336,38.0,9.666666666666666
Morgon (AOP) - Beaujolais Crus,417.0,25.0,106.0,76.5,59.0,17.5,12.0
Moscatel,205.45,12.0,50.0,5.75,4.5,15.75,10.25
Moscato d'Asti,558.3499999999998,45.892857142857146,164.07142857142858,30.75,23.892857142857142,60.32142857142857,21.178571428571427
Mourvedre,255.7,11.0,14.0,6.0,26.0,19.0,12.0
Muenchberg - Grand Cru (Riesling),223.4,26.0,0.0,21.0,29.0,34.0,0.0
Muscadet,410.72777777777776,30.074074074074073,15.648148148148149,25.537037037037038,51.925925925925924,37.166666666666664,10.037037037037036
Muscadet Sèvre et Maine,301.09999999999997,24.0,16.666666666666668,33.666666666666664,53.0,35.666666666666664,3.3333333333333335
Muscat de Beaumes-de-Venise,288.9045454545454,22.727272727272727,80.5909090909091,8.363636363636363,12.454545454545455,38.81818181818182,10.954545454545455
Muscat de Rivesaltes,281.65,29.5,86.5,9.0,9.5,28.0,7.5
"Muscat, Alsace",224.75,16.5,43.5,7.0,7.5,12.5,9.0
"Muscat, Black",337.09333333333336,30.533333333333335,59.46666666666667,11.466666666666667,12.933333333333334,49.333333333333336,10.733333333333333
"Muscat, Dry",346.07826086956527,31.695652173913043,60.82608695652174,15.73913043478261,22.782608695652176,33.26086956521739,9.347826086956522
"Muscat, Off-Dry",488.2,47.5,109.0,7.0,24.0,64.5,15.0
"Muscat, Orange",340.69999999999993,27.266666666666666,74.66666666666667,8.0,18.2,45.86666666666667,12.066666666666666
"Muscat, Sweet",460.00000000000006,37.25,97.0,14.875,17.5,51.625,17.625
"Musigny, Red",1506.2,193.0,56.0,30.5,99.0,218.0,12.5
"Musigny, White",661.9,44.0,11.0,20.0,59.0,75.0,27.0
"Mâcon, Red",267.6,31.0,9.0,5.0,20.0,48.0,4.0
"Mâcon, White",576.44,50.0,29.4,46.0,76.2,48.8,9.8
Mâcon-Villages,128.55,6.5,1.5,10.5,6.5,5.5,5.5
"Mâconnais, White",380.0,32.0,8.0,29.0,71.0,17.0,4.0
Médoc,1021.4285714285716,113.14285714285714,134.0,34.142857142857146,90.57142857142857,136.28571428571428,12.428571428571429
Navarra,1007.8,114.0,34.0,49.0,98.0,95.0,13.0
Nebbiolo,432.9583333333334,32.25,24.5,27.5,46.083333333333336,44.75,12.0
Negroamaro,344.5,26.333333333333332,39.333333333333336,20.666666666666668,41.666666666666664,45.666666666666664,8.0
Nerello Mascalese,493.2800000000001,53.0,22.8,27.2,46.53333333333333,70.13333333333334,7.133333333333334
Nero d'Avola,372.5562499999999,29.25,43.25,33.3125,38.0,40.3125,9.75
Oaked Wine,221.9,17.0,12.0,14.0,34.0,33.0,4.0
Off-Dry Marsala,405.15,24.0,43.5,10.5,14.0,35.5,19.0
Oriveto Classico Superiore (DOC),685.9,38.0,19.0,20.0,51.0,52.0,30.0
Ormeasco,496.8,46.0,49.0,29.0,64.0,92.0,8.0
Orvieto (DOC),479.06000000000006,40.2,14.5,34.7,57.6,67.9,9.3
Orvieto Classico (DOC),661.9,44.0,11.0,20.0,59.0,75.0,27.0
Paleo Rosso - Super Tuscan,272.4,9.0,46.0,75.0,24.0,13.0,15.0
"Patrimonio, Red AOC",583.6333333333333,46.666666666666664,46.666666666666664,29.333333333333332,80.66666666666667,58.0,11.666666666666666
"Patrimonio, Rosé AOC",669.6,73.0,5.0,10.0,104.0,95.0,1.0
Pauillac (AOC),26.4,2.0,4.0,1.0,2.0,6.0,0.0
Petit Chablis,180.5,14.0,7.0,9.0,8.0,8.0,6.0
Petit Verdot,477.46666666666675,45.916666666666664,17.083333333333332,32.666666666666664,47.833333333333336,50.583333333333336,8.333333333333334
Petite Sirah,529.7428571428571,49.642857142857146,44.0,78.0,73.14285714285714,62.285714285714285,6.857142857142857
Picpoul de Pinet,377.26666666666665,28.0,9.666666666666666,10.0,38.333333333333336,37.333333333333336,10.0
Pigato,695.6999999999999,92.33333333333333,35.333333333333336,44.666666666666664,25.333333333333332,61.0,9.0
Pinot Bianco,465.23999999999995,40.1,15.7,51.1,47.8,58.7,10.4
Pinot Blanc,397.43,34.233333333333334,14.1,21.833333333333332,40.833333333333336,49.03333333333333,8.966666666666667
Pinot Blanc Alsace,423.1666666666667,36.13333333333333,20.333333333333332,46.86666666666667,46.2,38.333333333333336,8.6
Pinot Grigio,394.01910112359565,27.191011235955056,23.56179775280899,29.471910112359552,41.325842696629216,32.20224719101124,11.898876404494382
Pinot Gris,416.15901639344264,36.18032786885246,26.0,30.688524590163933,44.83606557377049,47.47540983606557,8.80327868852459
"Pinot Gris, Alsace",329.8263157894737,31.263157894736842,11.105263157894736,26.894736842105264,35.473684210526315,42.473684210526315,5.421052631578948
Pinot Noir,485.6534482758622,43.04022988505747,44.5,31.683908045977013,47.0632183908046,53.44252873563219,11.011494252873563
Pinotage,653.6962962962963,69.0,37.96296296296296,31.74074074074074,58.592592592592595,79.81481481481481,9.62962962962963
"Pinotage, South Africa",411.59999999999997,20.0,80.66666666666667,110.0,75.0,23.333333333333332,11.333333333333334
Pomerol,206.625,13.75,8.25,25.75,16.25,22.75,7.25
Pouilly Fuissé,400.43333333333334,30.333333333333332,23.666666666666668,32.0,44.0,41.0,9.333333333333334
Pouilly Fumé,374.48235294117654,30.676470588235293,14.441176470588236,24.147058823529413,43.0,45.970588235294116,8.352941176470589
Pouilly sur Loire,180.5,14.0,7.0,9.0,8.0,8.0,6.0
Primitivo,428.6363636363636,25.90909090909091,25.181818181818183,33.90909090909091,48.72727272727273,25.454545454545453,14.272727272727273
"Priorato, Red",318.1,34.0,13.0,54.0,42.0,34.0,2.0
"Priorato, White",177.4,14.0,55.0,0.0,8.0,6.0,7.0
Prosecco,690.7093749999998,53.8125,123.65625,35.125,50.6875,56.625,23.0
Provençal Rosé,273.0,24.666666666666668,6.0,24.666666666666668,51.333333333333336,12.0,1.3333333333333333
"Puligny-Montrachet, White",212.6,23.0,5.0,12.0,18.0,35.0,3.0
Quarts de Chaume,300.125,25.5,61.0,12.0,10.75,41.25,10.5
Quincy,360.8,15.0,31.0,35.0,64.0,6.0,9.0
Recioto di Soave Classico Spumante (DOCG),116.5,15.0,7.0,8.0,0.0,7.0,2.0
Red Wine,345.0249999999999,25.416666666666668,34.416666666666664,19.75,28.416666666666668,33.416666666666664,11.583333333333334
Retsina,330.73333333333335,25.0,10.333333333333334,24.666666666666668,19.666666666666668,41.333333333333336,11.333333333333334
"Reuilly, Rosé",761.0,71.0,11.0,66.0,106.0,40.0,10.0
"Reuilly, White",204.10000000000002,24.0,3.5,10.0,7.0,50.0,4.0
"Rhone, Red Wine",480.5428571428572,43.04761904761905,32.38095238095238,38.38095238095238,49.714285714285715,55.476190476190474,7.619047619047619
Ribera del Duero - Crianza,667.0999999999999,68.5,21.0,26.0,64.5,52.5,8.0
Ribera del Duero - Gran Reserva,174.45,11.5,72.0,5.0,9.0,21.0,7.0
Ribera del Duero - Reserva,688.775,57.0,29.25,36.25,80.5,79.0,15.0
"Ribera del Duero, Red",479.53000000000003,44.4,23.1,29.5,43.4,56.1,10.2
"Ribera del Duero, White",177.4,14.0,55.0,0.0,8.0,6.0,7.0
Rieslaner,315.7,24.0,4.0,30.0,19.0,40.0,11.0
Riesling,440.3550802139039,37.283422459893046,40.24598930481283,28.048128342245988,44.5668449197861,47.44385026737968,10.449197860962567
"Riesling, Alsace",321.78,29.95,21.65,30.3,35.25,36.15,5.35
"Riesling, Auslese",1134.075,149.0,37.0,35.5,62.5,167.0,9.5
"Riesling, Grand Cru, Alsace",235.9,23.0,17.0,25.0,16.0,45.0,6.0
"Riesling, Late Harvest",308.53333333333336,26.444444444444443,70.11111111111111,16.333333333333332,18.0,41.592592592592595,9.518518518518519
"Riesling, Spätlese ",268.4,22.2,8.2,8.8,36.0,32.2,4.0
Rioja Crianza,381.4,30.0,19.75,16.0,37.25,24.0,8.5
Rioja Gran Reserva,671.2,75.5,22.0,29.25,53.75,80.5,9.0
Rioja Reserva,407.97999999999996,41.4,64.2,37.0,37.8,39.2,7.2
"Rioja, Red",617.5941176470589,57.3235294117647,44.1764705882353,41.0,68.38235294117646,67.76470588235294,10.676470588235293
"Rioja, Rosé",326.4,23.0,8.0,3.0,31.0,10.0,3.0
"Rioja, White",369.80000000000007,35.142857142857146,15.714285714285714,16.571428571428573,31.0,53.857142857142854,8.0
Ripasso Valpolicella,466.98333333333335,33.5,24.166666666666668,100.83333333333333,71.66666666666667,34.833333333333336,8.666666666666666
Roditis,254.1,12.0,13.0,26.0,16.0,17.0,12.0
Rosado,644.4833333333333,68.16666666666667,38.5,40.333333333333336,73.83333333333333,79.16666666666667,7.0
Rosso Conero DOC,450.36249999999995,35.875,34.625,48.875,52.5,44.875,10.625
Rosso di Montalcino,772.25,69.0,25.5,32.5,90.0,88.5,15.5
Rosé,417.1115384615386,31.75,20.740384615384617,34.16346153846154,50.10576923076923,36.35576923076923,9.48076923076923
Roussanne,253.95,24.0,17.5,61.0,20.0,27.5,5.5
Rutherglen Muscat,259.8,17.0,76.0,4.0,12.0,35.0,12.0
Saignée Rosé ,410.9,5.0,57.0,2.0,5.0,2.0,15.0
"Saint Chinian, Rosé",117.0,14.0,0.0,3.0,5.0,6.0,2.0
Saint-Émilion AOC,937.2666666666668,126.66666666666667,32.0,70.66666666666667,56.333333333333336,133.66666666666666,4.0
Sancerre,473.903,42.13,41.76,32.19,44.98,53.53,11.08
Sangiovese,393.060606060606,29.242424242424242,30.90909090909091,28.242424242424242,36.54545454545455,39.27272727272727,11.303030303030303
Sassicaia - Super Tuscan,496.5,60.0,26.0,54.0,54.0,87.0,2.0
Sauternes,366.79285714285714,33.214285714285715,59.285714285714285,13.904761904761905,17.80952380952381,48.76190476190476,11.166666666666666
Sauvignon Blanc,375.2259090909089,29.804545454545455,20.62727272727273,25.78181818181818,41.6,36.19090909090909,8.931818181818182
Savennières,473.97857142857134,37.07142857142857,11.714285714285714,56.214285714285715,64.07142857142857,56.57142857142857,9.785714285714286
Semillon,392.02592592592595,31.555555555555557,23.62962962962963,25.037037037037038,50.25925925925926,39.55555555555556,8.074074074074074
Sherry,376.97499999999997,32.666666666666664,20.583333333333332,21.75,29.916666666666668,56.583333333333336,9.083333333333334
"Sherry, Amontillado",986.3124999999999,70.20833333333333,285.2083333333333,28.291666666666668,53.416666666666664,69.20833333333333,39.625
"Sherry, Cream ",372.2727272727273,25.818181818181817,62.45454545454545,15.181818181818182,19.454545454545453,37.54545454545455,15.636363636363637
"Sherry, Dry",366.76666666666665,16.666666666666668,30.666666666666668,34.666666666666664,24.333333333333332,20.333333333333332,16.666666666666668
"Sherry, Fino",442.8714285714286,31.057142857142857,20.02857142857143,35.714285714285715,53.02857142857143,32.857142857142854,12.228571428571428
"Sherry, Manzanilla",469.47857142857146,35.535714285714285,20.357142857142858,46.67857142857143,62.107142857142854,37.57142857142857,10.678571428571429
"Sherry, Oloroso",469.7439999999999,43.32,59.04,34.72,40.12,52.6,10.32
"Sherry, PX or Pedro Ximenez",334.6000000000002,31.0,65.07142857142857,12.928571428571429,13.071428571428571,46.57142857142857,11.785714285714286
"Sherry, Palo Cortado",365.8,24.666666666666668,36.333333333333336,23.333333333333332,16.0,32.0,14.333333333333334
"Sherry, Sweet ",308.1933333333334,23.933333333333334,64.93333333333334,18.0,21.6,39.2,10.333333333333334
Shiraz,544.6039603960394,48.99009900990099,36.79207920792079,39.386138613861384,57.05940594059406,62.603960396039604,11.089108910891088
Silvaner,180.5,14.0,7.0,9.0,8.0,8.0,6.0
Soave (Superiore),392.15675675675686,33.189189189189186,18.54054054054054,31.10810810810811,43.2972972972973,42.91891891891892,8.486486486486486
Soave Superiore Classico,210.7,6.0,36.0,8.5,8.5,2.0,12.0
Solaia - Super Tuscan,445.1,15.0,25.0,393.0,162.0,11.0,2.0
Sparkling Shiraz,380.6,49.0,43.0,82.0,2.0,25.0,8.0
Sparkling Wine,385.56293103448286,31.74137931034483,32.5948275862069,30.5,39.06896551724138,40.60344827586207,9.5
"Sparkling Wine, Brut",494.67999999999995,53.2,16.8,22.4,38.6,57.4,7.8
"Sparkling Wine, Demi-Sec",287.26666666666665,23.0,54.333333333333336,6.666666666666667,9.666666666666666,40.833333333333336,10.666666666666666
"Sparkling Wine, Dry",265.44,29.2,3.2,15.6,40.2,37.8,0.4
"Sparkling Wine, Rosé",412.825,35.6875,47.9375,32.5,31.1875,49.0,10.25
Spätlese Riesling,289.025,27.25,9.5,42.5,43.75,33.25,2.5
Super Tuscan,614.825,44.25,29.0,27.25,42.0,52.0,21.5
Sweet Marsala,343.5571428571429,26.142857142857142,93.71428571428571,13.0,11.0,44.42857142857143,13.428571428571429
Sylvaner ,320.1285714285714,21.571428571428573,15.571428571428571,23.571428571428573,35.57142857142857,22.285714285714285,9.285714285714286
Syrah,567.6299999999998,52.144444444444446,26.511111111111113,36.98888888888889,58.15555555555556,65.92222222222222,11.222222222222221
"Syrah, France",370.5,25.0,5.0,11.0,53.0,29.0,9.0
Tannat,722.4999999999999,76.1,89.9,91.6,62.8,98.0,11.4
Tannic Wine,230.8,3.0,7.0,5.0,59.0,1.0,3.0
Tassinaia - Super Tuscan,506.5,55.0,11.0,69.0,73.0,71.0,2.0
Taurasi,318.1,34.0,13.0,54.0,42.0,34.0,2.0
Tavel,249.525,14.5,30.25,22.75,5.25,8.5,8.25
Tempranillo,397.78,31.16,33.56,25.04,38.92,35.64,10.6
Tempranillo Crianza,267.6,31.0,9.0,5.0,20.0,48.0,4.0
Tempranillo Reserva,452.5,38.0,19.333333333333332,36.333333333333336,51.0,48.333333333333336,9.0
"Tempranillo, Spain",370.5,25.0,5.0,11.0,53.0,29.0,9.0
Tignanello - Super Tuscan,462.1,3.0,432.0,30.0,5.0,0.0,37.0
Tocai Friulano,502.76666666666665,36.0,8.0,24.0,36.0,47.333333333333336,18.333333333333332
Tokaji,268.6333333333334,26.5,57.333333333333336,10.833333333333334,12.166666666666666,34.166666666666664,7.166666666666667
"Tokaji, Hungary",364.8666666666666,31.0,62.666666666666664,15.333333333333334,24.666666666666668,51.333333333333336,10.666666666666666
Torrontés,383.56666666666666,34.875,24.458333333333332,23.583333333333332,29.708333333333332,36.458333333333336,9.833333333333334
Trebbiano,643.2333333333332,61.0,13.333333333333334,69.33333333333333,71.33333333333333,107.0,12.666666666666666
Trebbiano di Lugana,587.0,31.0,24.0,4.0,53.0,33.0,25.0
Tursan AOVDQS - White,180.5,14.0,7.0,9.0,8.0,8.0,6.0
Txakoli,683.85,76.0,12.5,89.0,85.0,125.5,5.0
Vacqueyras (AOC),600.5,72.0,32.8,19.4,34.8,86.2,8.0
Valpolicella,432.36875000000003,34.625,23.9375,35.3125,46.9375,42.8125,10.6875
Verdejo,423.11428571428576,34.142857142857146,36.57142857142857,21.142857142857142,26.571428571428573,47.142857142857146,14.285714285714286
Verdelho,435.6,37.0,54.75,27.25,30.5,50.5,13.5
Verdicchio,459.49999999999994,46.38461538461539,28.692307692307693,35.46153846153846,44.76923076923077,60.76923076923077,7.846153846153846
Verdicchio dei Castelli di Jesi (DOC),206.8,9.0,13.0,18.0,49.0,3.0,2.0
Verduzzo,27.4,2.0,9.0,0.0,2.0,3.0,0.0
Vermentino,449.7050000000001,33.925,20.025,29.075,40.75,45.175,13.925
Vermentino Liguria,322.9,8.0,71.0,6.0,87.0,6.0,8.0
Vernaccia,444.62857142857143,40.714285714285715,16.285714285714285,37.0,48.142857142857146,59.0,9.571428571428571
Vernaccia di San Gimignano (DOC),206.8,9.0,13.0,18.0,49.0,3.0,2.0
"Vernaccia di Serrapetrona Spumante, Red, Dry",314.9,15.0,10.0,9.5,19.0,7.0,15.0
Vignoles,433.4,25.0,142.0,12.0,9.0,20.0,23.0
Vin Gris,190.0,5.0,11.0,16.0,12.0,2.0,11.0
Vin Santo,683.7263157894736,54.473684210526315,211.10526315789474,40.68421052631579,29.68421052631579,62.421052631578945,26.36842105263158
Vin de Savoie - Red,330.15,27.0,74.0,20.5,44.5,49.5,7.0
Vin de Savoie - Sparkling,265.3,21.0,91.0,7.0,5.0,29.0,11.0
Vin de Savoie - White,117.0,14.0,0.0,3.0,5.0,6.0,2.0
Vinho Verde,408.30769230769226,31.615384615384617,18.076923076923077,21.76923076923077,53.38461538461539,47.30769230769231,9.076923076923077
Viognier,345.9492537313432,28.402985074626866,24.044776119402986,24.29850746268657,36.3134328358209,37.52238805970149,8.283582089552239
Viura,260.2,32.0,10.0,17.0,20.0,68.0,2.0
"Volnay, Red",251.2,11.5,4.5,26.5,44.0,7.0,8.0
Vouvray,435.7299999999999,38.7,26.2,23.833333333333332,44.2,47.733333333333334,9.066666666666666
Vouvray Moelleux,398.95000000000005,35.5,126.0,12.0,8.5,37.5,15.0
Vouvray Sparkling White Wine,188.65,20.0,27.0,9.5,9.0,35.0,4.5
Vouvray Sweet Viscous White Wine,409.4,31.5,125.25,10.5,17.75,64.25,16.5
Vézelay,176.53333333333333,10.0,7.0,11.666666666666666,27.0,11.0,4.666666666666667
White Wine,306.67142857142863,22.0,16.5,17.428571428571427,31.571428571428573,31.785714285714285,8.428571428571429
"White Wine, Italian",151.85,10.5,1.0,5.0,38.0,9.0,1.0
"White Wine, Oaked",1029.6666666666667,68.0,46.666666666666664,30.666666666666668,129.33333333333334,101.33333333333333,30.0
"White Wine, Unoaked",1536.7,37.0,21.0,52.0,213.0,18.0,71.0
White Zinfandel,910.84,75.0,224.73333333333332,64.13333333333334,64.2,74.4,29.866666666666667
Zinfandel,520.3964028776979,45.2589928057554,31.41007194244604,37.0,56.05755395683453,55.906474820143885,10.66906474820144
"Zinfandel, Late Harvest",325.2,23.5,99.5,7.5,6.5,50.0,14.5
Zweigelt,536.45,47.5,8.5,57.5,65.5,65.5,10.0
